{
    "loss": 10.581527709960938,
    "accuracy": 0.05932203307747841
}